comuter_id,computer_name,computer_price,computer_commit,info_url,img_url
J_pro_8670096,å®ç¢(Acer)æš—å½±éª‘å£«3æ¸¸æˆæœ¬ 15.6è‹±å¯¸,4998.00,2ä¸‡+,https://ccc-x.jd.com/dsp/nc?ext=aHR0cHM6Ly9pdGVtLmpkLmNvbS84NjcwMDk2Lmh0bWw&log=CXvCXawKOBwV0eNsfJcNBOzKpC9_vaRR1barBl2Q6Lzzl-DLd_EScuB5Yz3DWsbD-kNAQdbiz9n96HttbSjax5KCUGYx-h4wLskQruoi1NMLql6wT0qlKyBxeRL1LbH6rC_Gcb7hfraaCuKVdtDdIv5i38PMwQOY0nU8OeT4v_Q90MEwMjjruabgQNk1tB0WUxPgCfqDZW2eaH8kYflH_so4ivqPgGLtUBz0ZT6KBd884ZYxSMhuIy6yYw4_xqjpTIvN4NSph-dK1QHcsR5A9rSyPB33xN_NKaznWCPKaBt6c1M9gMV6ur2WaPz8NM6zCHt8mWco_2g1rXijw7BWtBo7wugjwtLm4rjoh7rkePJZXXYnI3ts7cwZ6M2ytNcSCmSKRghLqo1M0kbA2tquU3zkcPplVl9bolRtFoHqImYkbjPOJWE4yMRvMSJU0nFShAPWwJSf6QNqkkRDO_bX6FrrEKFSe2q1UUcftl8tmxhQiv5uzm7rl8K9UWJQS_VJ&v=404,//img11.360buyimg.com/n7/jfs/t1/4122/7/14130/297226/5bda6a29Eceff42a2/385d2310681767a1.jpg
J_pro_7512626,è£è€€MagicBook 14è‹±å¯¸è½»è–„çª„è¾¹æ¡†,3999.00,8.7ä¸‡+,//item.jd.com/7512626.html,//img11.360buyimg.com/n7/jfs/t1/8764/35/4810/207189/5bdbf117E35599536/b3c83c8d840a4017.jpg
J_pro_100000769466,è”æƒ³(Lenovo)æ‹¯æ•‘è€…Y7000 15.6è‹±å¯¸æ¸¸æˆ,5999.00,12ä¸‡+,//item.jd.com/100000769466.html,//img11.360buyimg.com/n7/jfs/t27163/354/1454412463/213745/cb143ad4/5bc8229fN71106836.jpg
J_pro_100000238793,æƒ æ™®ï¼ˆHPï¼‰æš—å½±ç²¾çµ4ä»£ 15.6è‹±å¯¸æ¸¸æˆ,8199.00,12ä¸‡+,//item.jd.com/100000238793.html,//img13.360buyimg.com/n7/jfs/t25039/206/1101889435/217645/66f4fbf7/5b89057dN7c68cbed.jpg
J_pro_6072622,è”æƒ³ThinkPad ç¿¼480ï¼ˆ0VCDï¼‰è‹±ç‰¹å°”8ä»£é…·ç¿14è‹±å¯¸è½»è–„çª„è¾¹æ¡†,5499.00,9.9ä¸‡+,//item.jd.com/6072622.html,
J_pro_100000117758,æˆ´å°”çµè¶Š14 ç‡ƒ 14è‹±å¯¸è½»è–„çª„è¾¹æ¡†,5599.00,13ä¸‡+,//item.jd.com/100000117758.html,
J_pro_7765111,è”æƒ³(Lenovo)330C15.6è‹±å¯¸è‹±ç‰¹å°”å…«ä»£é…·ç¿å•†åŠ¡å½±éŸ³,4299.00,5.6ä¸‡+,//item.jd.com/7765111.html,
J_pro_8596169,è”æƒ³ThinkPad E480ï¼ˆ2XCDï¼‰14è‹±å¯¸è½»è–„çª„è¾¹æ¡†,3399.00,3.8ä¸‡+,//item.jd.com/8596169.html,
J_pro_28316606259,è”æƒ³ï¼ˆLenovoï¼‰ æ‹¯æ•‘è€…Y7000 15.6è‹±å¯¸åƒé¸¡æ¸¸æˆ,5799.00,1.2ä¸‡+,https://ccc-x.jd.com/dsp/nc?ext=aHR0cHM6Ly9pdGVtLmpkLmNvbS8yODMxNjYwNjI1OS5odG1s&log=CXvCXawKOBwV0eNsfJcNBOzKpC9_vaRR1barBl2Q6LxT-4c6nt1WjhfXx0sX_MoV-qAUdvqiM7fYVs8K2Q8Ueho__iJ38i8JhXf-nxW_5iVDXtpxRaCgDNjfi69jaOn5tAE6gNbSpM_Ml-VvNntWRKB638bdvu1Bf0WReRqdlhBM-ro_vnrZD0I3YoJqe3_s6Ob9YqMJdd4OhY6mXrm2fjVBYevzuW4uJcqUiSxG1jq6kLDvks8iQHch951gGuEbjAZ9-ukN2vORjTdHDw_vduE_IVqpGlwwYPQA9SkJ00WZ-ZS336X4KtjceimBhihvgpvxmLibxJst4EvvZWZujf70H6UXl95xx7rR1s4BnodaP1c3ygUPFkIGJFuuYJ5wYbWu2gFvbO9Qdlyu7qCuNXHOVC7jHFLG12QenRHTJ9Z88Xosd5e6iK6ZJILIHVxf_ZunZp0h5B-3wZI-oPtd9nfeXLB9Q5Abo9HK_uFeWcae9vfh5zD8BAKCMVL4ci17&v=404,
J_pro_100000679465,è”æƒ³(Lenovo)æ‹¯æ•‘è€…Y7000 15.6è‹±å¯¸æ¸¸æˆ,7499.00,12ä¸‡+,//item.jd.com/100000679465.html,
J_pro_100000011351,å°ç±³ (MI) Ruby 15.6è‹±å¯¸é‡‘å±è½»è–„,4199.00,11ä¸‡+,//item.jd.com/100000011351.html,
J_pro_7271737,è£è€€MagicBook 14è‹±å¯¸è½»è–„çª„è¾¹æ¡†,4999.00,7.9ä¸‡+,//item.jd.com/7271737.html,
J_pro_100000769432,è”æƒ³Lenovoæ‹¯æ•‘è€…Y7000 15.6è‹±å¯¸æ¸¸æˆ,6799.00,12ä¸‡+,//item.jd.com/100000769432.html,
J_pro_100001020297,è£è€€MagicBook 14è‹±å¯¸è½»è–„çª„è¾¹æ¡†,3999.00,8.7ä¸‡+,//item.jd.com/100001020297.html,
J_pro_100000117756,æˆ´å°”çµè¶Š14 ç‡ƒ 14è‹±å¯¸è½»è–„çª„è¾¹æ¡†,6499.00,13ä¸‡+,//item.jd.com/100000117756.html,
J_pro_5225346,Apple MacBook Air 13.3è‹±å¯¸,6488.00,16ä¸‡+,//item.jd.com/5225346.html,
J_pro_6590761,LG gram15 15Z980-G.AA53C è½»è–„ é•¿ç»­èˆª çª„è¾¹æ¡† (15.6è‹±å¯¸ i5-8250U 8G 256GB SSD FHD IPS æŒ‡çº¹ èƒŒå…‰)ç™½è‰²,7599.00,5800+,https://ccc-x.jd.com/dsp/nc?ext=aHR0cHM6Ly9pdGVtLmpkLmNvbS82NTkwNzYxLmh0bWw&log=CXvCXawKOBwV0eNsfJcNBOzKpC9_vaRR1barBl2Q6Lz9SVQLijIAcX8f2DQOenGoiOBl3Na3Oyi8wHxvtLt9kKvou4ZUdc8kzglRuuX3cqojdmRGHbOD9wJbPB3yE8aZBOlqI89MYvdsTW0LXopn2-xs-Kkn3COcjxaEH0JbZsi-uHz1-JbSCijKSc3zEzE8Bn5i8rBoMceGZjlUEJwwt4xQm0ecvaF9ji63lyvkfvTorYNZD_cIXhnDziTAo3Ple9aSCUqoejI7vj0p_j5BbIQIk1SUlCB__0NoIUNewco-3ib1tk0OSclZTA36rtOl6XqGSPXwDB5FbDjPbvmah-965zBAJUwt5DZcNqbfzXsoB8-ecf1Qs7SKY9Po5FYJwZ0z-VkmJdKPUcXiOnjOrm0D2ir4YSt3w3n7O6EBRHBUpooodOkZum23mw3ECSz8U6hW72P1XVSIjJRQFqHbdehksevTpFtF6YinnH3N_CySlr4BcyRn9UA4YiIAAuzL&v=404,
J_pro_100000018405,åç¡•aè±†(adol) 13.3è‹±å¯¸å››é¢çª„è¾¹æ¡†è½»è–„,3498.00,2.9ä¸‡+,//item.jd.com/100000018405.html,
J_pro_7748348,æƒ æ™®ï¼ˆHPï¼‰æˆ˜66 Pro G1 14è‹±å¯¸è½»è–„,5399.00,6.4ä¸‡+,//item.jd.com/7748348.html,
J_pro_100000011349,å°ç±³ (MI)Ruby 15.6è‹±å¯¸é‡‘å±è½»è–„,4296.00,11ä¸‡+,//item.jd.com/100000011349.html,
J_pro_100000644947,è”æƒ³(Lenovo)å°æ–°æ½®7000 14è‹±å¯¸è½»è–„,5299.00,10ä¸‡+,//item.jd.com/100000644947.html,
J_pro_6072614,è”æƒ³ThinkPad ç¿¼480 è‹±ç‰¹å°”8ä»£é…·ç¿14è‹±å¯¸è½»è–„çª„è¾¹æ¡†,5288.00,9.9ä¸‡+,//item.jd.com/6072614.html,
J_pro_8674557,è”æƒ³(Lenovo)æ‹¯æ•‘è€…Y7000Pè‹±ç‰¹å°”å…«ä»£é…·ç¿ 15.6è‹±å¯¸æ¸¸æˆ,9099.00,12ä¸‡+,//item.jd.com/8674557.html,
J_pro_100000011341,å°ç±³ (MI)Ruby 15.6è‹±å¯¸é‡‘å±è½»è–„,4999.00,11ä¸‡+,//item.jd.com/100000011341.html,
J_pro_7056182,å®ç¢(Acer)èœ‚é¸ŸSwift3å¾®è¾¹æ¡†é‡‘å±è½»è–„æœ¬14è‹±å¯¸,4499.00,2ä¸‡+,https://ccc-x.jd.com/dsp/nc?ext=aHR0cHM6Ly9pdGVtLmpkLmNvbS83MDU2MTgyLmh0bWw&log=CXvCXawKOBwV0eNsfJcNBOzKpC9_vaRR1barBl2Q6LxY0xgydHJZY5ep8pV_vSjzivc8aCJoXGgyzOGFpN7PhVKGse0mu3lC6RQx3-cOWhX0MLk-hAwo911sbwU0d2pOQQjIkEZ8t-jJTWdjttqyxJf8pfR-TYQMKzeYHeehzEqjvaJuOSAN39kXPsYdbTi8cdEXt4gJ9Rv1QFMyi7tflh2wnlx6XASYQqv8Zc7Kcksxb-zmvCdcNRdAkxaeEJA2YH2-sGPiabdfPYFnnPYyUR_8qgW8V141wGhOyx8qLWrWLWOfynGztGMXBntFld9AkHudAMezBVkWaespnYSYyRBYYUqet7lEcXCn8KFcdYeugHi22CixACRGzkUada615kNrnNyaFuA04-gUuE0xclAhLZp79HBqlI2BIrrDpmT_4oABF3fJKHGCw5wEHa2pkTHOdN9Mvm9SxbmSxaJn_gsNMvewBRpTE24uF3aYNMBzb6Zi0vhBsdIYCmJwsFmH&v=404,
J_pro_100000974311,è”æƒ³(Lenovo)å°æ–°æ½®7000 14è‹±å¯¸è½»è–„çª„è¾¹æ¡†,4599.00,10ä¸‡+,//item.jd.com/100000974311.html,
J_pro_6961588,åç¡•é¡½çŸ³(ASUS) äº”ä»£FL8000UF 15.6è‹±å¯¸å½±éŸ³,4999.00,3.6ä¸‡+,//item.jd.com/6961588.html,
J_pro_8776188,åç¡•aè±†(adol) 13.3è‹±å¯¸å››é¢çª„è¾¹æ¡†è½»è–„,4799.00,2.9ä¸‡+,//item.jd.com/8776188.html,
J_pro_7269871,å°ç±³(MI)Air 13.3è‹±å¯¸å…¨é‡‘å±è¶…è½»è–„,5399.00,13ä¸‡+,//item.jd.com/7269871.html,
J_pro_7341442,æˆ´å°”DELLæ¸¸åŒ£G3çƒˆç„°ç‰ˆ 15.6è‹±å¯¸æ¸¸æˆ,5999.00,10ä¸‡+,//item.jd.com/7341442.html,
J_pro_100000916179,Ğ¡Ã× (MI)Ruby 15.6Ó¢´ç½ğÊôÇá±¡,4599.00,11Íò+,//item.jd.com/100000916179.html,//img14.360buyimg.com/n7/jfs/t1/27547/7/213/302990/5c07c9fbEd754e6e1/26414d1cfc66860a.jpg
J_pro_28206239565,»ªË¶£¨ASUS£© Æì½¢µê Çá±¡PX554 15.6Ó¢´çÊÖÌá,4398.00,4900+,//item.jd.com/28206239565.html,//img10.360buyimg.com/n7/jfs/t1/20242/12/68/257841/5c06ab3bE9a5b8c21/ed90929937dbd8c7.jpg
J_pro_7435156,»İÆÕ£¨HP£©°µÓ°¾«Áé4´ú 15.6Ó¢´çÓÎÏ·,7699.00,12Íò+,//item.jd.com/7435156.html,//img11.360buyimg.com/n7/jfs/t20992/243/566995296/217645/66f4fbf7/5b115097N63500501.jpg
J_pro_7410969,ÉñÖÛ(HASEE)Õ½ÉñZ7M-KP7SC GTX1050Ti 4G 15.6Ó¢´çÓÎÏ·,6099.00,5.9Íò+,//item.jd.com/7410969.html,//img14.360buyimg.com/n7/jfs/t17941/189/2035719300/381579/2ec64f70/5ae179fbN63eb1168.jpg
J_pro_6415512,LG gram14 14Z980-G.AA52C Çá±¡ ³¤Ğøº½ Õ­±ß¿ò(14Ó¢´ç i5-8250U 8G 256GB SSD FHD IPS Ö¸ÎÆ ±³¹â)ÉîåäÒø,7299.00,5800+,https://ccc-x.jd.com/dsp/nc?ext=aHR0cHM6Ly9pdGVtLmpkLmNvbS82NDE1NTEyLmh0bWw&log=qVIyW_J5DDk-lRYYitHx7JQZyf23rbfc3LabRP92_JypGmXExS7CZXheLzJZGE9fu9puL3avhkC4kXjh1PFz4p22aWndTvlqyZw4RQw1sV29gS8hJpUlDmPq1tJDaJZbMNkST0HRs6K66n7wqZZpLdljYE3SAVoHVSgU8yWVRnzvsCWJv2Ca781IDJdDRqEQiBUtHJelB8ZnBZ2PzUXerZwO1VnLVr2RzUg6c4GtKEeaTcHjCxaxQ7hdD-Ez9X4VDhLBGKb5_FfwutG46xMrmu60Sg7WYfX1VEypQ3xbW7Kh7stYU6aeUO40k1Qh7B4_Qo9lieAxhCvgLOhX5AwM4tcJqc3xIQk-C0Up6tukXq-rs6XLhP6yyPI1M8akKsyScWF0kDHBA4D-WRJu--M8wwvEUGbF0ZA8M---S3kjXvnNXf0zHWBnwKRmXQlGnfMLR87hsoPpXxpIUshkyQVvumFIh2SXurWdMhWJowJvJpLITDNIX3j9rJTebLvJ4dYR&v=404,
J_pro_7061526,ÈÙÒ«MagicBook 14Ó¢´çÇá±¡Õ­±ß¿ò,4789.00,7.9Íò+,//item.jd.com/7061526.html,
J_pro_8848315,»ªË¶ÍçÊ¯(ASUS) ³©Íæ°æY5000 15.6Ó¢´çÕ­±ß¿òÓéÀÖ°ì¹«,4299.00,3.6Íò+,//item.jd.com/8848315.html,
J_pro_100001045546,ÁªÏë(Lenovo)Ğ¡ĞÂÓ¢ÌØ¶û°Ë´ú¿áî£Air13.3Ó¢´ç³¬Çá±¡,5598.00,13Íò+,//item.jd.com/100001045546.html,
J_pro_8173852,»ªË¶(ASUS) ÁéÒ«S 2´ú 14Ó¢´çÈıÃæÎ¢±ß³¬Çá±¡,5799.00,2.1Íò+,//item.jd.com/8173852.html,
J_pro_7269873,Ğ¡Ã×(MI)Air 13.3Ó¢´çÈ«½ğÊô³¬Çá±¡,5999.00,13Íò+,//item.jd.com/7269873.html,
J_pro_100000060092,ÁªÏëThinkPad E485£¨03CD£©14Ó¢´ç,3999.00,6100+,//item.jd.com/100000060092.html,
J_pro_6339280,Ğ¡Ã×(MI)Air 13.3Ó¢´çÈ«½ğÊô³¬Çá±¡,5999.00,13Íò+,//item.jd.com/6339280.html,
J_pro_8461500,ÁªÏë(Lenovo)Õü¾ÈÕßY7000 15.6Ó¢´çÓÎÏ·,9499.00,12Íò+,//item.jd.com/8461500.html,
J_pro_100001645736,¡¾ÁÁ²¬½ğ¼üÅÌÌ××°¡¿Î¢Èí£¨Microsoft£©Surface Pro 6 ¶şºÏÒ»Æ½°åµçÄÔ,7588.00,3400+,//item.jd.com/100001645736.html,
J_pro_100000068472,»ªË¶(ASUS) ·ÉĞĞ±¤Àİ6 15.6Ó¢´çÕ­±ß¿òÓÎÏ·,7199.00,1.5Íò+,//item.jd.com/100000068472.html,
J_pro_100000180173,´÷¶ûDELL³É¾Í5000²»·²Òø13.3Ó¢´çÉÌÎñ°ì¹«³¬Çá±¡±ãĞ¯,4699.00,5.3Íò+,//item.jd.com/100000180173.html,
J_pro_100000273867,´÷¶ûDELLÈ¼7000 pro 15.6Ó¢´çÇá±¡,5489.00,2.6Íò+,https://ccc-x.jd.com/dsp/nc?ext=aHR0cDovL2l0ZW0uamQuY29tLzEwMDAwMDI3Mzg2Ny5odG1s&log=qVIyW_J5DDk-lRYYitHx7JQZyf23rbfc3LabRP92_Jz_ea5iAUY_60sf1pVUOav30jDsQFvz-eyEtnnArt3kCufnE-VCO2pi8iwp7fXK9eA5zTAf-LOlr2x1IVa3dBtJiomOMnds5N9zlL2PZsYEPWcMZJU_wzxUIZtXGKGKHzIjbKSSHYuMW4rUOxvjU0pwof8OnxFTUOXJp1CQR9_kJbm1ZIxaNQ0SToTOlPDMFn34aat46vqdpA7YABfhQAR1S4qcP7XQyvSML5H7r0ia4bdI_suwTk8HAmEpjo_HC-C-Cq-BnLJ1NZ2iyOi_F8S1YXS1I3LdBtW-vzs-v_t0h3TvuaqQH6rfZiFwXfhF7pMwlwahznTPkt6eI5wiSNBTNTqbgUMsm2kHmfcmZSw7NXcMJdGscjcpnXqwLTPPVMOxvDXSQnsIJmvxFwsYQya6gEdD583zPTyeQUQyNM_TDL-iVn1AnaXEW70q4-npEUNTNDLCazJlV9X9bUbTJmnE&v=404,
J_pro_5363894,ÁªÏë(Lenovo)Ğ¡ĞÂ³±7000 13.3Ó¢´ç³¬Çá±¡Õ­±ß¿ò,5299.00,13Íò+,//item.jd.com/5363894.html,
J_pro_7588521,»İÆÕ£¨HP£©EliteBook 745G5 14Ó¢´çÇá±¡,5299.00,1.9Íò+,//item.jd.com/7588521.html,
J_pro_7629508,Apple MacBook Pro 13.3Ó¢´ç,13488.00,6Íò+,//item.jd.com/7629508.html,
J_pro_100000157826,´÷¶ûDELLÈ¼7000 pro 15.6Ó¢´çÇá±¡,6599.00,2.6Íò+,//item.jd.com/100000157826.html,
J_pro_6076583,ÁªÏëThinkPad Òí480£¨04CD£©Ó¢ÌØ¶û8´ú¿áî£14Ó¢´çÇá±¡Õ­±ß¿ò,5099.00,9.9Íò+,//item.jd.com/6076583.html,
J_pro_6888588,ÁªÏë(Lenovo)Ğ¡ĞÂ³±7000 14Ó¢´çÓ¢ÌØ¶û°Ë´ú¿áî£Çá±¡Õ­±ß¿ò,5499.00,10Íò+,//item.jd.com/6888588.html,
J_pro_100000612187,ÁªÏë(Lenovo)Õü¾ÈÕßY7000Ó¢ÌØ¶û°Ë´ú¿áî£ 15.6Ó¢´çÓÎÏ·,8499.00,12Íò+,//item.jd.com/100000612187.html,
J_pro_100000255880,´÷¶ûDELLÓÎÏ»G3ÁÒÑæ°æ 15.6Ó¢´çÓÎÏ·,6189.00,10Íò+,https://ccc-x.jd.com/dsp/nc?ext=aHR0cDovL2l0ZW0uamQuY29tLzEwMDAwMDI1NTg4MC5odG1s&log=qVIyW_J5DDk-lRYYitHx7JQZyf23rbfc3LabRP92_JwK8kKo5dLXMhQJVOi_4afhxj42Ked92KodKpIMxoka9VNVAAu02eA3P3ApPa4k5E_6BUY1VjD28NahzP8N3PJ4XzwWOvIVMbmqHHciuTbnNA9PyMX8CedZDR22QbDtnXOztVjumxiVZBpy590IQbAHuPd8nOybyrtzZmNJFI0a_HKBaA7sYTyOvL_Nd3L3cOpu_h1n40-ecet1NEq3jsxH9vui7W3DWqlGC8-o5eBoinHJ3NEjXnfBsCZzgRgn75mNi3p8a0_zbG81i3W4me-sbreU5tCV_a3S4MzzA9EwP_rwUf6ejENuf5lKvUBV82kye3KqnttSI2QVwaMsdKzMaxj30tfEIXl8V0CIobx7m4xO_y7wWCuoKIBMdR9CQ42BchkBTQtlTtGmptQ67gVhU5B_I2649r3S30sHwVusHV1mfgdR6jPGobNx5yVnehU5YdOMrZIDZizhLtuV1_Tg&v=404,
J_pro_8945221,´÷¶ûDELLÁéÔ½·ÉÏ»15.6Ó¢´ç,4199.00,5.4Íò+,//item.jd.com/8945221.html,
J_pro_7690501,ÁªÏë£¨Lenovo£©ÑïÌìV130£¨V110Éı¼¶°æ£©14Ó¢´çÉÌÎñ,3799.00,1.9Íò+,//item.jd.com/7690501.html,
J_pro_14541812605,ÁªÏëIdeaPad330 15.6Ó¢´çC³¬±¡±¾¼ÒÓÃÉÌÎñÑ§Éú°ì¹«¶ÀÏÔ³¬¼«±¾ÓÎÏ·Çá±¡±ãĞ¯,2899.00,2.3Íò+,//item.jd.com/14541812605.html,
J_pro_100000863175,ÁªÏë(Lenovo)Ğ¡ĞÂAir13.3Ó¢´ç³¬Çá±¡,5298.00,13Íò+,//item.jd.com/100000863175.html,
J_pro_7435200,»İÆÕ£¨HP£©°µÓ°¾«Áé4´ú 15.6Ó¢´çÓÎÏ·,6999.00,12Íò+,//item.jd.com/7435200.html,
J_pro_13703338684,ÁªÏë£¨Lenovo£© ÑïÌìV110 15.6Ó¢´çÉÌÎñ°ì¹«,2299.00,1.3Íò+,//item.jd.com/13703338684.html,//img14.360buyimg.com/n7/jfs/t27607/43/1811012712/275925/104a293d/5bee80e0N660f1fed.jpg
J_pro_8776186,»ªË¶a¶¹(adol) 13.3Ó¢´çËÄÃæÕ­±ß¿òÇá±¡,5298.00,2.9Íò+,//item.jd.com/8776186.html,//img11.360buyimg.com/n7/jfs/t29224/1/443568445/188339/ff3db498/5bf4bfacN92e2ed91.jpg
J_pro_8249424,ÈÙÒ«MagicBook 14Ó¢´çÇá±¡Õ­±ß¿ò,6499.00,7.9Íò+,//item.jd.com/8249424.html,//img14.360buyimg.com/n7/jfs/t1/6399/5/5111/207189/5bdbf083Eb842254b/176c409f112e4f7c.jpg
J_pro_8386007,»ªË¶(ASUS) ÁéÒ«S 2´ú 15.6Ó¢´çÈıÃæÎ¢±ßÇá±¡,6498.00,2.1Íò+,//item.jd.com/8386007.html,//img12.360buyimg.com/n7/jfs/t27658/90/1945435487/242900/8bf0416c/5bf37652N460a1572.jpg
J_pro_5025849,´÷¶ûDELL XPS×ğÏí°æ13.3Ó¢´çÇá±¡Õ­±ß¿ò,9989.00,2.8Íò+,https://ccc-x.jd.com/dsp/nc?ext=aHR0cDovL2l0ZW0uamQuY29tLzUwMjU4NDkuaHRtbA&log=dLrWWZYzzDH5WUxlnd47xa_Rgvu7tLw06yxG09YOOqFCTSEi4F9bPI26ro84kH9A37iFAF4O0YQScMf1a44r8xiR66_wfXvAlVtYY0IayrM9GjhKF5YLQ6KHBTAi3s-AJ_-sdfV5G-dFzOnprpBMrB3LClOnDt1E8tCLyr-TX7nfbGabvOIUjLUNVe62Dt2c0isYTDV90rBr2EVJhLo7QOnqr0GZmX-2SKMyHt3kE6yohqvKqkgzIaWDtm2A6pJBvYjKnzRKM-Fe19mIjhrB2KjC2nuIYU47qwvJ-9wgPlf3p6uwJetS_v6p9DhntAkGeU7qZ2vfTqOcdadwPodPE8zP59UOjf4lWhVzwpgfnNsxF5yLNKQM_0ZAF_uM1vqJ3xajvrxaixboc36lt7oOvmX8qc3zDsLKAaKenJozS7itJsxM3Krp-Pl6jwET84PV0QnUzd1LVV-R9gq6eN35C2OIINmjxlCgDTV4egPEp8w&v=404,
J_pro_7410957,ÉñÖÛ(HASEE)Õ½ÉñZ7-KP7SC GTX1060 6G¶ÀÏÔ 15.6Ó¢´çÓÎÏ·,7099.00,5.9Íò+,//item.jd.com/7410957.html,
J_pro_100000376370,´÷¶ûÁéÔ½14 È¼ 14Ó¢´çÇá±¡Õ­±ß¿ò,5299.00,13Íò+,//item.jd.com/100000376370.html,
J_pro_4335139,Apple MacBook Air 13.3Ó¢´ç,8415.00,16Íò+,//item.jd.com/4335139.html,
J_pro_7176142,ºê³(Acer) 15.6Ó¢´ç½ğÊô°ì¹«±ãĞ¯Çá±¡±¾,3999.00,9100+,https://ccc-x.jd.com/dsp/nc?ext=aHR0cHM6Ly9pdGVtLmpkLmNvbS83MTc2MTQyLmh0bWw&log=dLrWWZYzzDH5WUxlnd47xa_Rgvu7tLw06yxG09YOOqF2V_7LDtmeDKkELUmgW0QkpAw-adSsAFj_L6uoOo06dZ_atgpb2ZrY0SekVjbOEAAeJeOLxhfsUWEjPaRILjHOoDpa-EWD5nHs1XiD1ahauTqhe1fD-FDTaNPgx9ZRN_L1UFGNw3Na96WIE57J08q_QnUoxLlS-5vUObSU-Zs0aTwm5KK6SfkECXi-9S1DcDzZ9aLbviBReAy5Yre19s1iCRtqfTn95obaFZ_EEtdX2iPk6Ju9XVUkY5RbW7mubp3F-VdKGxA-smmSaPCU8Q0kUO_i4PFyJJUmNbxgbDMRscpINUd1Q9XEeYzYocPGqfjtTcI5FADynTvoy98jjCCyywvXDfvNVQu2C9uYMTL7kDm2LvpnHPaeRRJV6TbCwmj20tZP3aQvhPYgfveo04PJr3Vn7PAKtFAz7wQz6Mwhjs50hAZPEFhesXWadefEwXI&v=404,
J_pro_8596171,ÁªÏëThinkPad E480£¨2UCD£©14Ó¢´çÕ­±ß¿ò,3299.00,3.8Íò+,//item.jd.com/8596171.html,
J_pro_7219095,ÈıĞÇ£¨SAMSUNG£©35X0AA-X04 15.6Ó¢´çÇá±¡,4299.00,1.5Íò+,//item.jd.com/7219095.html,
J_pro_8383600,ÁªÏëThinkPad E480£¨35CD£©14Ó¢´çÕ­±ß¿ò,4099.00,3.8Íò+,//item.jd.com/8383600.html,
J_pro_7632553,ÁªÏëThinkPad T480£¨2NCD£©14Ó¢´çÇá±¡,6299.00,8400+,//item.jd.com/7632553.html,
J_pro_8248028,ÈÙÒ«MagicBook 14Ó¢´çÇá±¡Õ­±ß¿ò,4599.00,8.7Íò+,//item.jd.com/8248028.html,
J_pro_8461498,ÁªÏë(Lenovo)Õü¾ÈÕßY7000P Ó¢ÌØ¶û°Ë´ú¿áî£15.6Ó¢´çÓÎÏ·,8299.00,12Íò+,//item.jd.com/8461498.html,
J_pro_5050164,´÷¶ûDELL³É¾Í15.6Ó¢´çÉÌÎñ°ì¹«Çá±¡±ãĞ¯,4999.00,2.3Íò+,//item.jd.com/5050164.html,
J_pro_7588529,»İÆÕ£¨HP£©EliteBook 735G5 13.3Ó¢´çÇá±¡,5799.00,1.9Íò+,https://ccc-x.jd.com/dsp/nc?ext=aHR0cHM6Ly9pdGVtLmpkLmNvbS83NTg4NTI5Lmh0bWw&log=dLrWWZYzzDH5WUxlnd47xa_Rgvu7tLw06yxG09YOOqEVH1TxIOiJbFxZ4qJVKAWInES2N7XRFXaCZT9rV8qiOrRdEX7rvVrNML64X35bpuh6l7vjdifaUqVyAI73AyxAyQTXENR0Sj1CgRe3MtGTH8Hk94ksuq_ZeRy5fmDTn82MPgqy5KIRSccqPC2WxyqjdI157ms4lvNPvMsB7CtClnS3lx8YonfsYRUaPJhDvfsw9pZcfR6ohRKZkfsHxbM9aT_W8zIQHeyCy3tRGam0uGkwz2yhdkFt8ZXYRYR8x49fd7Z7dh_fmju6KPwuxspbQSAObtRykTB3KDFvvn1jW8mPQDyH5bI836fBJ6SBSu-pUjIHsDh-YbyfEjNcp3phyh2cjd6pEboKQcOpbiCz9I9MWGkYwpoJ3XnzJlQBy_0dskO9BaUoaVMBsI0asLhG7GrMoIDZX_3tiAFlHt6k3ctdK6vI9455y6Kvy59whPTiGR52GZ256vGLv-6dgKp7&v=404,
J_pro_7649997,¡¾ÁÁ²¬½ğ¼üÅÌÌ××°¡¿Î¢Èí£¨Microsoft£©Surface Pro£¨µÚÎå´ú£©¶şºÏÒ»Æ½°åµçÄÔ,5288.00,6400+,//item.jd.com/7649997.html,
J_pro_8636720,»ªË¶ÍçÊ¯(ASUS) ³©Íæ°æY5000 15.6Ó¢´çÕ­±ß¿òÓéÀÖ°ì¹«,3999.00,3.6Íò+,//item.jd.com/8636720.html,
J_pro_100000158780,»ªË¶(ASUS) ÁéÒ«S 2´ú 14Ó¢´çÈıÃæÎ¢±ß³¬Çá±¡,5199.00,2.1Íò+,//item.jd.com/100000158780.html,
J_pro_7629548,Apple MacBook Pro 13.3Ó¢´ç,14988.00,6Íò+,//item.jd.com/7629548.html,
J_pro_5025869,´÷¶ûDELL XPS13.3Ó¢´ç³¬Çá±¡Õ­±ß¿ò,7699.00,2.8Íò+,//item.jd.com/5025869.html,
J_pro_7382138,ÁªÏë£¨Lenovo£©Íş6 14Ó¢´çÉÌÎñÇá±¡,4999.00,1.9Íò+,//item.jd.com/7382138.html,
J_pro_26848709805,»ªË¶£¨ASUS£© ·ÉĞĞ±¤Àİ5´úFX80 15.6Ó¢´ç³Ô¼¦ÓÎÏ·1050ti,5799.00,1.1Íò+,//item.jd.com/26848709805.html,
J_pro_7275691,ÈÙÒ«MagicBook 14Ó¢´çÇá±¡Õ­±ß¿ò,5699.00,7.9Íò+,https://ccc-x.jd.com/dsp/nc?ext=aHR0cHM6Ly9pdGVtLmpkLmNvbS83Mjc1NjkxLmh0bWw&log=dLrWWZYzzDH5WUxlnd47xa_Rgvu7tLw06yxG09YOOqHQEXw_GBTifeXKfN7HT8re1swivgoXkHagVruWzwNG3Gr9Gpd8JGlV97rSBshb10mLRtWsPGmA1mdxQdu-sFU-yJ1NJUOau38LoZp9Xz9X3Htka--FqlB9A4faBhbW5SsIWambu63RK8WgXEUsl-XZtHfrwXAwoVrlhJfftY29W_zZym3ICBOsOAVWIIVSP7M_Zrp_iTfPyx3ekuWSMxxoO2httBpmUwKjaFHh-dC1-jNMB-Sy1Gveuf1vryfsWeJ0jAqz8mC1D5wZq4XR9nFzE96kBwj3vHdB-WSZKS__xPu1NnK1GmbOIkt1dwZT8r6nvW0a0AqtG5sjLT8FzE8yZpaK3Fy9NuAyzkax_mcjIkQtplmb37FphmDP8p7lBhXTjl1cJNS1KR5fqTJlLykrZrqY-dcnfiI1P6m6BJIbm8E_D_rYWtcp0Yrywl_8DozX-KLeYMcxQmezzwSHhaY3&v=404,
J_pro_7649695,»İÆÕ£¨HP£©°µÓ°¾«Áé4´ú 15.6Ó¢´çÓÎÏ·,7299.00,12Íò+,//item.jd.com/7649695.html,
J_pro_4786871,»İÆÕ£¨HP£©246 G6 14Ó¢´ç,3499.00,2.8Íò+,//item.jd.com/4786871.html,
J_pro_8249520,ÁªÏë(Lenovo)Õü¾ÈÕßY7000Ó¢ÌØ¶û°Ë´ú¿áî£ 15.6Ó¢´çÓÎÏ·,7699.00,10Íò+,//item.jd.com/8249520.html,
J_pro_100000462322,Ğ¡Ã×(MI)Air 13.3Ó¢´çÈ«½ğÊô³¬Çá±¡,5599.00,13Íò+,//item.jd.com/100000462322.html,
J_pro_6076611,ÁªÏëThinkPad Òí480 Ó¢ÌØ¶û8´ú¿áî£14Ó¢´çÇá±¡Õ­±ß¿ò,7499.00,9.9Íò+,//item.jd.com/6076611.html,
J_pro_8477013,Ğ¡Ã×(MI)15.6Ó¢´çÓÎÏ·Çá±¡Õ­±ß¿ò,6699.00,11Íò+,//item.jd.com/8477013.html,//img13.360buyimg.com/n7/jfs/t1/1468/21/16600/248202/5c07bf39E26c4ed33/b1a78842e28b24dd.jpg
J_pro_10019904045,»ªË¶£¨ASUS£©,2998.00,2.9Íò+,//item.jd.com/10019904045.html,//img10.360buyimg.com/n7/jfs/t30247/241/660847361/289608/82500735/5bfa95e6N17a5895f.jpg
J_pro_8164004,Apple MacBook Pro 13.3Ó¢´ç,14988.00,6Íò+,//item.jd.com/8164004.html,//img14.360buyimg.com/n7/jfs/t20248/181/2296155383/306845/1e75dd0c/5b4ee86aN167038da.jpg
J_pro_7410971,ÉñÖÛ(HASEE)Õ½ÉñZ6-KP5S  GTX1050 4G¶ÀÏÔ 15.6Ó¢´çÓÎÏ·,4999.00,5.9Íò+,//item.jd.com/7410971.html,//img11.360buyimg.com/n7/jfs/t19396/142/1971189149/329756/42a85f6d/5ae175e7N4a74e3c1.jpg
J_pro_100000177537,»úĞµ¸ïÃü(MECHREVO)X8Ti Plus 144Hz GTX1060 17.3Ó¢´ç·Ç15.6Õ­±ßÓÎÏ·,7999.00,2.5Íò+,https://ccc-x.jd.com/dsp/nc?ext=aHR0cHM6Ly9pdGVtLmpkLmNvbS8xMDAwMDAxNzc1MzcuaHRtbA&log=EXJZBy4YBnTpY_ip6iTh-2MZpJXoUzq8-vHecaDp0kHENgP8Mr67MNU9kah4xhUE4Y7fHF6sgqIk2OISRLzYubktocx_2IvqsW19YODX1FPJ2Rvf_uuGO5XNORq_bs6txX-5bdIUrByTsT8lSDJ9u9GXGRljsHDubilwnRMHsy78LFAh1DJGHNYOvg_3GMkCoNoT46sSviAzmkGDJtYNCwrAFBKh8-Cju_aTibJk3BvdXxRbbB5JyTfQi2kfZXEnrcMWeavJSX3EEvxYEolRnIxVz7NbFghTTCaUdKwQD7kMtIvvememuMw3lu-n8AuSQS5uRvDJMfCc-SdiZgsaVMow6__7oCfcHSJInO5I9egOYfOYjnjRji4299DI7adB1B0Do0BVSFqDt_dnN6Wke8x8W4YVKAbUe4XjZT-M-bmUQbNIQuGJPyVJ1bJ60TFILi_NdpRpJH5a4HdrrwqRuNf6A-fA-TrTHUr93RfCehR0Zr9UkUI2X2Uruxxv4P5u_63KBNiwQ8H-wCbdFGd5wQ&v=404,
J_pro_7842695,Apple MacBook Pro 15.4Ó¢´ç,20488.00,6Íò+,//item.jd.com/7842695.html,
J_pro_4786841,»İÆÕ£¨HP£©246 G6 14Ó¢´ç,4399.00,2.8Íò+,//item.jd.com/4786841.html,
J_pro_100000016920,´÷¶ûDELL G7 15.6Ó¢´çÓÎÏ·Éè¼ÆÊ¦,6599.00,5.7Íò+,//item.jd.com/100000016920.html,
J_pro_30667476614,ÁªÏëideapad330C 14Ó¢´çi5/i7Ó¢ÌØ¶û°Ë´úËÄºËÇá±¡,3999.00,4400+,https://ccc-x.jd.com/dsp/nc?ext=aHR0cHM6Ly9pdGVtLmpkLmNvbS8zMDY2NzQ3NjYxNC5odG1s&log=EXJZBy4YBnTpY_ip6iTh-2MZpJXoUzq8-vHecaDp0kGzlU7MaDbhZhZIaN2Ea6CIbg6RBS1ZhuX67A37DCkucqswdgvprKzuQ3dsK6J9OwGHRvqlKmb9q903IVX5NyCzT-CLmqRFQXqdzDhHxOOf78ae_BS-Uwm8dBcxXxYlSBn6-1JH-oqURscGZcrIifvbKx3gWfpvMjS7DCJZ6lTZsem62k-b61bXDyXuswsHCQqkIlUAsQfckOxI9fdXAj6h5SrYoJ46fQqAcTV3i1-xbpq88eAxihY7pW8RBsgAlFv9WI69vbTxJz0L1gJ74eMq-tpNy0-PNmvJrwDZkuQHx8rmuUIrKN5SVCnTq3eewEO-tEtDxFQ6AwWB98EYgIHMQPkuoxzpaGfFUo2Uv1z4i_fBWHzxk6WzGn5lkJisXJ5ZNI0bhGm9fR6QkkeAZRIXgsF40upmofff0WhsrKPGD-a0FJoTTdDZixPTiac_g5abM4aCBSBJ6fYx65lvGfXk&v=404,
J_pro_7332727,ÉñÖÛ(HASEE)¾«¶ÜT65E GTX1050Ti 4G¶ÀÏÔ 15.6Ó¢´çÉÌÎñÓÎÏ·,4999.00,1.5Íò+,//item.jd.com/7332727.html,
J_pro_100000214419,»ªË¶(ASUS) ·ÉĞĞ±¤Àİ6 15.6Ó¢´çÓÎÏ·,9999.00,1.5Íò+,//item.jd.com/100000214419.html,
J_pro_7123413,ÉñÖÛ (HASEE) Õ½ÉñZ7M-KP7GC GTX1050Ti 4G 15.6Ó¢´çÓÎÏ·,5999.00,5.9Íò+,//item.jd.com/7123413.html,
J_pro_6535936,ÁªÏëThinkPad Òí480£¨12CD£©14Ó¢´çÇá±¡Õ­±ß¿ò,8499.00,9.9Íò+,//item.jd.com/6535936.html,
J_pro_8603192,»ªÎª(HUAWEI) MateBook D(2018°æ) 15.6Ó¢´çÇá±¡Î¢±ß¿ò,6488.00,4.9Íò+,//item.jd.com/8603192.html,
J_pro_4730611,¡¾ºÚÉ«¼üÅÌÌ××°¡¿Î¢Èí£¨Microsoft£©Surface Pro£¨µÚÎå´ú£©¶şºÏÒ»Æ½°åµçÄÔ,8288.00,1.5Íò+,//item.jd.com/4730611.html,
J_pro_100001165100,ÉñÖÛ(HASEE)ÓÅÑÅX3 72%É«Óò13.3Ó¢´çIPSÆÁ,2499.00,8700+,//item.jd.com/100001165100.html,
J_pro_7219093,ºê³(Acer)°µÓ°ÆïÊ¿3ÓÎÏ·±¾ 15.6Ó¢´ç,5499.00,2Íò+,https://ccc-x.jd.com/dsp/nc?ext=aHR0cHM6Ly9pdGVtLmpkLmNvbS83MjE5MDkzLmh0bWw&log=EXJZBy4YBnTpY_ip6iTh-2MZpJXoUzq8-vHecaDp0kG2QwX2X09Ts7zxQdt3AfdMw7ZJ4puBWDSsG4gaH285JbnkL7qj63S9e_R4ACKH9tHqIuKgya4BTNvLDvExdzCoHeeAlRiBa4HmRgvhnFCww3YqpjyGNWoRrQNHoCzOaUMn3b6o8Ac_65IrHzHgEOq681ITTUlEXyH8sYBIuEQQ028whsVFIplHPYmvjaFQJYcLS3uf2ll66QvHZWBH7-DGEyYC8-_C9I_T3iMpqYE90sSQ-p5GW80-JE7-4sxWP_V4qMh7LeiuOzPC7-rOQ2rdVc3uBohKXR6QteZIAQn6v3j9S7d-5DzQfhJB_AKXU9cjOxZMMOp4OeHZeWeJsf3X5HcmE-CIMUEaGhg1rJSOJTic6oDzGzIUx2NNkgMzrIGkKHjozw2Yx0vPB5UiMZNwpo6HigctErl7dXSQklLLTedR5wu3KMyEgYNav6GdKK3Wia9-j1skPBp4BIK4ZG4O&v=404,
J_pro_6895802,ÉñÖÛ(HASEE) Õ½ÉñZ7-KP7GC GTX1060  6G¶ÀÏÔ  15.6Ó¢´çÓÎÏ·,6999.00,5.9Íò+,//item.jd.com/6895802.html,
J_pro_7102519,ÁªÏë(Lenovo)Ğ¡ĞÂ³±7000 14Ó¢´ç³¬Çá±¡Õ­±ß¿ò,6299.00,10Íò+,//item.jd.com/7102519.html,
J_pro_11547179907,»ªË¶£¨ASUS£© ½ğÊô³¬¼«±¾RX310/R421Çá±¡±ãĞ¯ÉÌÎñ°ì¹«³¬±¡Ñ§ÉúÓÎÏ·ÊÖÌá,4299.00,3Íò+,//item.jd.com/11547179907.html,
J_pro_100000667974,ÁªÏë(Lenovo)Õü¾ÈÕßY7000Ó¢ÌØ¶û°Ë´ú¿áî£ 15.6Ó¢´çÓÎÏ·,7699.00,12Íò+,//item.jd.com/100000667974.html,
J_pro_100000376378,´÷¶ûÁéÔ½14 È¼ 14Ó¢´çÇá±¡Õ­±ß¿ò,5699.00,13Íò+,//item.jd.com/100000376378.html,
J_pro_6383824,ÁªÏëThinkPad X1 Carbon 2018£¨09CD£©14Ó¢´çÇá±¡,9999.00,2Íò+,//item.jd.com/6383824.html,
J_pro_6736180,»ªÎª(HUAWEI) MateBook X Pro 13.9Ó¢´ç³¬Çá±¡È«ÃæÆÁ,7988.00,2.4Íò+,//item.jd.com/6736180.html,
J_pro_7056182,ºê³(Acer)·äÄñSwift3Î¢±ß¿ò½ğÊôÇá±¡±¾14Ó¢´ç,4499.00,2Íò+,https://ccc-x.jd.com/dsp/nc?ext=aHR0cHM6Ly9pdGVtLmpkLmNvbS83MDU2MTgyLmh0bWw&log=EXJZBy4YBnTpY_ip6iTh-2MZpJXoUzq8-vHecaDp0kHXflEbjmNLsilKYC-C9pUQwgQasYvuxKV33mp7sXNO6bnAChI39g7fe2U8o5BfSDlRVhfeDPHHrkatKgOh0BbManQ4ztEtrwd9KQCILQnYQJ9ub8ECHPvj3A1sgY4xuY6iZyVXKoqq487TEHXH6MdGj62OMKEEt_NzDSMXTea8WoGYgSVqgxiym35iWLl1azTHWEyP0xPbzbkGPy71dsyASfM7XCHLSC9bJAakmnHXcljshlovkYxw_6ppOurdA6yWrSX-6-ldGdFyuZl_aUeQd_EVN__sDfKx82MZ42gzwAg1H6vicsPQ6XCLMxyd1Ec0Qhf6TgVhhycSNcBaEtmaxgGalZASK1gK2Yd3WLbnyUZ80GM9Rd1NkBQOgYzXMj3g_qixDPbfQBHArdR2FUSmqwwbQuAd6UrMM_RShJqAYmz-fZKwZqdvZLl2I9hwselfCRVqzxJeHOJ8Cav6hSms&v=404,
J_pro_100000543872,ÁªÏëThinkPad Òí480£¨42CD£©14Ó¢´çÇá±¡Õ­±ß¿ò,8099.00,9.9Íò+,//item.jd.com/100000543872.html,
J_pro_8596151,ÁªÏëThinkPad E480£¨2WCD£©14Ó¢´çÕ­±ß¿ò,3799.00,3.8Íò+,//item.jd.com/8596151.html,
J_pro_8461637,ÁªÏë(Lenovo)Õü¾ÈÕßY7000Ó¢ÌØ¶û°Ë´ú¿áî£ 15.6Ó¢´çÓÎÏ·,8499.00,12Íò+,//item.jd.com/8461637.html,
J_pro_33575313078,»ªË¶£¨ASUS£© »ªË¶ÍçÊ¯ÈÈÑª°æ YX570,4998.00,900+,//item.jd.com/33575313078.html,
J_pro_7374610,ÉñÖÛ(HASEE)¾«¶ÜT67E GTX1050Ti 4G¶ÀÏÔ 15.6Ó¢´çÉÌÎñÓÎÏ·,5599.00,1.5Íò+,//item.jd.com/7374610.html,
J_pro_100000012874,»úĞµ¸ïÃü(MECHREVO)X8Ti Plus 144Hz GTX1060 17.3Ó¢´ç·Ç15.6Õ­±ßÓÎÏ·,9499.00,2.5Íò+,//item.jd.com/100000012874.html,//img14.360buyimg.com/n7/jfs/t1/4666/2/9618/75762/5bad9c58E5423cbef/0776f547d5803e77.jpg
J_pro_8195818,»úĞµ¸ïÃü(MECHREVO)S1 72%IPS1.18kg14Ó¢´ç¶ÀÏÔÕ­±ß¿òÇá±¡,5299.00,1.9Íò+,//item.jd.com/8195818.html,//img13.360buyimg.com/n7/jfs/t25000/21/2262384130/149372/c08903d5/5bc7fd85N18e6027b.jpg
J_pro_7450561,»İÆÕ£¨HP£©Envy X360 13-ag0007AU 13.3Ó¢´ç³¬Çá±¡·­×ª,5699.00,1.3Íò+,//item.jd.com/7450561.html,//img11.360buyimg.com/n7/jfs/t16630/340/2502675909/320330/20cefab3/5af8f53dNd9aa3855.jpg
J_pro_5025849,´÷¶ûDELL XPS×ğÏí°æ13.3Ó¢´çÇá±¡Õ­±ß¿ò,10999.00,2.8Íò+,//item.jd.com/5025849.html,//img14.360buyimg.com/n7/jfs/t13111/226/725425281/398153/5e8849fc/5a128b86Nfaea0521.jpg
J_pro_100000180173,´÷¶ûDELL³É¾Í5000²»·²Òø13.3Ó¢´çÉÌÎñ°ì¹«³¬Çá±¡±ãĞ¯,4689.00,5.3Íò+,https://ccc-x.jd.com/dsp/nc?ext=aHR0cDovL2l0ZW0uamQuY29tLzEwMDAwMDE4MDE3My5odG1s&log=Sgqjiazanlbllvsziy-bgAxKpw8HR3FDopINMxJNtk81jUtnkQeG6BNRhUPaAcioX2YsIt0ciwNoQLFD_ZSWji6cLy12NO5ealVyQNLNj8IKZ5_vLaXVCDIVl7hB2_OJnlpjbv2q-AFo4avjKupalBYGrJ-JMAtf4dlAvNzsk2a2xkGsdcU3Yituia_cLtxF_Qjh7dgs11x6kTbDulPRIQB8yZLbXJ1eP3Ru6KA6qrytXMNQKkiZGsXTD1CKgUza4D_DwoYYhP_zkuH0dqM_x6mHKx16jHSOTr5qvHbIvXJch6apISv6xEa0kTX1EVuaDKCkoMurDfDcJ1WfbqzrOE8rYvzyXNDafbNuT7KJ5yZmKk8DSy9hGDMNHeJGuvKNwTyKJNBSKjRdNTa_iNrUzPfzz7iTf7Mnin-FiijauQdcpk-RC9WfjrDeTsvY-RRUvAWFInqoErOeArGLccP85i-n1M3eD7suYy5zqRxIUNYMB-PmwGqzfSzajShDbv3J&v=404,
J_pro_8461429,ÈıĞÇ£¨SAMSUNG£©35X0AA-X08 15.6Ó¢´çÇá±¡,3999.00,1.5Íò+,//item.jd.com/8461429.html,
J_pro_100000339319,´÷¶ûDELLÓÎÏ»G3ÁÒÑæ°æ 15.6Ó¢´çÓÎÏ·,8299.00,10Íò+,//item.jd.com/100000339319.html,
J_pro_12517934012,»ªË¶£¨ASUS£©ÓÎÏ·±¾,6299.00,7200+,//item.jd.com/12517934012.html,
J_pro_100000376372,´÷¶ûÁéÔ½14 È¼ 14Ó¢´çÇá±¡Õ­±ß¿ò,4798.00,13Íò+,https://ccc-x.jd.com/dsp/nc?ext=aHR0cDovL2l0ZW0uamQuY29tLzEwMDAwMDM3NjM3Mi5odG1s&log=Sgqjiazanlbllvsziy-bgAxKpw8HR3FDopINMxJNtk-nQTduLInt9Zmzu3RyvTKnRj4NH45IX2abyijZw43fYapkEQ4FHSP1lrFGaQPmf_aRmphaE9wLqJTbmMiyQHSL4gbiyS-xxX67WyLGgR5B8SMqDhEGL08NbrzdSShmL_QAhnU26bQ6orEMqTcqhDttGv0ljWm7VIGoVHaxTAC0ZmKRT-0eysOG7HXJuw3wNZeQW-yoieKAjDDsU5Xeks-Y9suUfcnxoaTFw6sUIn1_Pwro-4mbK-3VID2W3lg1SAl7Z16jGu7z99rjiFJgWQRVsMsXyKzzMZt0D8jUyrYv7lgvIcml5OVxrrBvlr5VZVcDhVAAymQNIemAuZeCeCbKykbKRBgfT3BhziwPbSwyWmsOto6LM8YNoYTxjYeHqX5hMar6kn8BpY7ALin8E-BjVBaruNoIsqvqNez4hDzSrt5xMCIuEA9gKiYbPFfkK9I6EqkmGN10YtgTacsOmivb&v=404,
J_pro_100000165910,Ğ¡Ã×(MI)15.6Ó¢´çÓÎÏ·,7499.00,11Íò+,//item.jd.com/100000165910.html,
J_pro_100000177537,»úĞµ¸ïÃü(MECHREVO)X8Ti Plus 144Hz GTX1060 17.3Ó¢´ç·Ç15.6Õ­±ßÓÎÏ·,8199.00,2.5Íò+,//item.jd.com/100000177537.html,
J_pro_6031973,Ğ¡Ã×(MI) Air 12.5Ó¢´ç½ğÊô³¬Çá±¡,3999.00,13Íò+,//item.jd.com/6031973.html,
J_pro_7390561,ÉñÖÛ(HASEE)Õ½ÉñK670D-G4E5 GTX1050 4G¶ÀÏÔ 15.6Ó¢´çÓÎÏ·,4699.00,1.1Íò+,//item.jd.com/7390561.html,
J_pro_8025712,ÁªÏëThinkPad X280£¨2BCD£©12.5Ó¢´çÇá±¡,7999.00,1.2Íò+,//item.jd.com/8025712.html,
J_pro_6023686,»ªÎª(HUAWEI) MateBook D(2018°æ) 15.6Ó¢´çÇá±¡Î¢±ß¿ò,5188.00,4.9Íò+,//item.jd.com/6023686.html,
J_pro_6949859,»ªÎª(HUAWEI) MateBook X Pro 13.9Ó¢´ç³¬Çá±¡È«ÃæÆÁ,7988.00,2.4Íò+,//item.jd.com/6949859.html,
J_pro_10080552755,ÁªÏë³¬¼«±¾Ideapad320S-15Ó¢´ç ¿áî£I5 ÊÖÌáÇá±¡±¾ÉÌÎñ°ì¹«Ñ§ÉúÓÎÏ·±¾,3999.00,5400+,https://ccc-x.jd.com/dsp/nc?ext=aHR0cHM6Ly9pdGVtLmpkLmNvbS8xMDA4MDU1Mjc1NS5odG1s&log=Sgqjiazanlbllvsziy-bgAxKpw8HR3FDopINMxJNtk-0CyaZm_3RTOo2ggBGuBZMF0fC90Ir5n0eIYFwIskgHVVfAwti4e8RueJw7MlcjrRw6Es-MQGHos203hk3HnWZU-cWJIEuwlodMfUGkk9PYa-qgce976OhdQDY4hq1zysRwT0kmrGY8u5piwr2KKCYtbVOt5BpXPq7if5rfTeaBT7UU536YEkf3qEPE7fxifINUdUZHesysfeG7W7hS6lixb6YxrvS6v_cVwjrryffno1vV7KT7HpzzNXItD5Cv9CQoJI_97RYzlmmxsSphOJ755vLOzea5j-vim1fg9k7bdG-mgL1MUdn4JVbctULLyThvDc31TzxrDzpGJ6KZPwlA6yJ_nro5otDBOQzDWyPBed-2thYlWTIfyiwQdfwn4_2Jdth5GSSVh9yPvoUJiGTftBP-_7eJVMHIgfqmmbjOgQAoTobp2lUyQJaFCBg0nMdMQR7g8CJAGux5ip3k-ix&v=404,
J_pro_24350743428,Æ»¹û£¨Apple£© MacBook Air Æ»¹û,5968.00,9700+,//item.jd.com/24350743428.html,
J_pro_8249308,ÈıĞÇ£¨SAMSUNG£©35X0AA-X09 15.6Ó¢´çÇá±¡,4399.00,1.5Íò+,//item.jd.com/8249308.html,
J_pro_7689501,ºê³(Acer)·äÄñSwift3Î¢±ß¿òÇá±¡±¾ 14Ó¢´çÈ«½ğÊô,4799.00,2Íò+,//item.jd.com/7689501.html,
J_pro_4752553,ÁªÏë(Lenovo)Ğ¡ĞÂ³±7000 13.3Ó¢´ç³¬Çá±¡Õ­±ß¿ò,5299.00,13Íò+,//item.jd.com/4752553.html,
J_pro_1714008093,ÁªÏë³¬¼¶±¾Ideapad330-15 320¿áî£i3 i5ÊÖÌáÉÌÎñ°ì¹«¼ÒÓÃÑ§ÉúÇá±¡,3399.00,2.2Íò+,//item.jd.com/1714008093.html,
J_pro_30395122556,ÁªÏë£¨Lenovo£© Õü¾ÈÕßY7000 15.6Ó¢´ç³Ô¼¦ÓÎÏ·,6199.00,1.2Íò+,//item.jd.com/30395122556.html,
J_pro_7671977,»İÆÕ£¨HP£©246 G6 14Ó¢´ç,3399.00,2.8Íò+,//item.jd.com/7671977.html,
J_pro_100000117758,´÷¶ûÁéÔ½14 È¼ 14Ó¢´çÇá±¡Õ­±ß¿ò,5289.00,13Íò+,https://ccc-x.jd.com/dsp/nc?ext=aHR0cDovL2l0ZW0uamQuY29tLzEwMDAwMDExNzc1OC5odG1s&log=Sgqjiazanlbllvsziy-bgAxKpw8HR3FDopINMxJNtk9qfwW9Kk_1ZmCcIDD9FwpMOVzJ2FdHqGoPbrNlHL7Oa68WwWCAZqU4K2VlXl1DJEwLA9vtz0yhf64wCchZHMxCZW7zgReUosZNN370vKr17IsNJdZNUxry4PfzMteKDUjeSq-jiATtU4DUvNM9DQemr9hbmi0Oq0AcqeiRnPKXVJR9vr_Duqf1Fz1mVjNLTf_KAUxHcrS-n-zUHt2zrqh-ouuAWK_HaqYRPYKaZaxa3VEbTIXnn6iym6F1S6ZSQgTA0vBFyCiRA23NyIMpL5jb_qVVt1Jc0ngzyqZkDRCAdaGBBkJdh5RHuy_d2iKCk-HOOng5QxfZIwb5kr_Cu2pRT7cENF-JUvcBDrt1zb8ZCTFgQo0MwDxYpfLQke7KltkG-uirs5YqsjrrOjiiEz_t1t_5IWAgHTF1Ma13Etph5WqRuSrMZXFkx8zasVgfCKUl3DkdetuZdG9085SF-ZkF&v=404,
J_pro_4786909,»İÆÕ£¨HP£©245 G6 14Ó¢´ç,2199.00,2.8Íò+,//item.jd.com/4786909.html,
J_pro_7671991,»İÆÕ£¨HP£©246 G6 14Ó¢´ç,2199.00,2.8Íò+,//item.jd.com/7671991.html,
J_pro_100000339301,´÷¶ûDELLÓÎÏ»G3ÁÒÑæ°æ 15.6Ó¢´çÓÎÏ·,7299.00,10Íò+,//item.jd.com/100000339301.html,
J_pro_7217999,ÈıĞÇ£¨SAMSUNG£©35X0AA-X07 15.6Ó¢´çÇá±¡,4399.00,1.5Íò+,//item.jd.com/7217999.html,
J_pro_100000989041,ÁªÏë(lenovo)Ğ¡ĞÂAir15.6Ó¢´çÇá±¡¸ßĞÔÄÜ,6499.00,4.1Íò+,//item.jd.com/100000989041.html,
J_pro_30963939753,ÁªÏëideapad330C 14Ó¢´çÇá±¡,4499.00,1.6Íò+,//item.jd.com/30963939753.html,//img13.360buyimg.com/n7/jfs/t27751/120/2519439943/181579/3c26951b/5c03aefbN2e584dcf.jpg
J_pro_100000158828,»ªË¶(ASUS) ÁéÒ«S 2´ú 14Ó¢´çÈıÃæÎ¢±ß³¬Çá±¡,5599.00,2.1Íò+,//item.jd.com/100000158828.html,//img13.360buyimg.com/n7/jfs/t30859/23/431042563/205411/f0a89790/5bf3774fNb8025fe7.jpg
J_pro_100000376386,´÷¶ûÁéÔ½14 È¼ 14Ó¢´çÇá±¡Õ­±ß¿ò,6599.00,13Íò+,//item.jd.com/100000376386.html,//img11.360buyimg.com/n7/jfs/t26872/250/2162124874/393231/2eb29dd2/5bfb87a4Nda831106.jpg
J_pro_4006372,Apple MacBook Air 13.3Ó¢´ç,11099.00,16Íò+,//item.jd.com/4006372.html,//img12.360buyimg.com/n7/jfs/t1/7954/37/3926/157410/5bd8a616Eb03ea2cb/45456bbadbf461c0.jpg
J_pro_100000255886,´÷¶ûDELL G7 15.6Ó¢´çÓÎÏ·Éè¼ÆÊ¦,7689.00,5.7Íò+,https://ccc-x.jd.com/dsp/nc?ext=aHR0cDovL2l0ZW0uamQuY29tLzEwMDAwMDI1NTg4Ni5odG1s&log=P1pepQEVzxqTYvBSNHtnpysqsN-Hr8_8xCEcHFb_XFESQEyRSDxXCTg7nKoEZ-mqyDC8uwZNDja2soaYDTA4QHH0z_1y82_GNwDPTXh2KLcxIt-NeNFjwm4MSZ6qpHDtOQbM5NECVZJt-2q6BfKgfyGpJnB70soyE698aO2dFobLzGGCdb_aTv04epWKToGIZsfl3-8itq2UZidgpsYkNc9L4y4-OlQ2twKTUyp8Dx0ZtMXUb_4YkYujysLPlNl-x-y35PGRkvteacfUVFKMO5_N0CWcaKpUHTzj2kHgpDu0USbO4YNn4QYg9etplFfLudjtIfg-EWNJX1INPR95KH1k9DqhQF57jTxF4UJBi2vsVoBm8pexOdUnicFxTnVqFolazpZ2XMhWeUrxzGvq56MeQkduacQ6HTYHuJBGO66sKM6JtIMk_cAIAhzBIUu8ohqLZWBuURFzbybP-x16_k-xdJ1zqZzgkImksXvF4kchILLezGvhlrOhDCWsO3QM&v=404,
J_pro_5050172,´÷¶ûDELL³É¾Í15.6Ó¢´çÉÌÎñ°ì¹«Çá±¡±ãĞ¯,4999.00,2.3Íò+,//item.jd.com/5050172.html,
J_pro_7004056,ÈıĞÇ£¨SAMSUNG£©35X0AA-X06 15.6Ó¢´çÇá±¡,3999.00,1.5Íò+,//item.jd.com/7004056.html,
J_pro_4235735,Î¢Èí£¨Microsoft£©Surface Pro£¨µÚÎå´ú£©¶şºÏÒ»Æ½°åµçÄÔ,7688.00,9200+,//item.jd.com/4235735.html,
J_pro_100000376370,´÷¶ûÁéÔ½14 È¼ 14Ó¢´çÇá±¡Õ­±ß¿ò,4989.00,13Íò+,https://ccc-x.jd.com/dsp/nc?ext=aHR0cDovL2l0ZW0uamQuY29tLzEwMDAwMDM3NjM3MC5odG1s&log=P1pepQEVzxqTYvBSNHtnpysqsN-Hr8_8xCEcHFb_XFHbkLFaMTx0JffPzFIz6ZVq38ge8e1m6uX7_w-6LJKH42KfgeJvzavLLZ1dSZN3rbkEwzJ_ipK2c8nYr8VjptAkSyHeWT9bWdRdmyAYyvNjqgw6msb2cOE5vSHZAIld3-6yataJ14kuk-q2vPv1ORcVPJsYPZvePcaUl9H7nnofsG8kFIjXaInyRrguLhxjg4dvnv6OexBM1xyJqJxSyYO9UR2Mzs5MZIPsd8ykNIzZ0D96onSXALSK0e6A0DlkT1vI_3jo-yzdLHhi-F_smEKxDgINDOet3jJ8MMA5YYBcw1BbZs-FDrQAljT17yYOUZmXEF54JLTXa5rs4MC3t4-XSnGjAxHRBrAHZQx2S2q_GfBHHSdCbek8Cez5CxOlXDmU5s8285zD7mw5T5262-UKzwmcuCJXnRuYzv7pf9mBBFh07CaJdZjORPnLdgKlgCH4No3dv-VSRh_G4MnQULaH&v=404,
J_pro_100000321996,»İÆÕ£¨HP£©±¡ÈñENVY 13-ah1002TU 13.3Ó¢´ç³¬Çá±¡,6499.00,1100+,//item.jd.com/100000321996.html,
J_pro_7176142,ºê³(Acer) 15.6Ó¢´ç½ğÊô°ì¹«±ãĞ¯Çá±¡±¾,3999.00,9100+,//item.jd.com/7176142.html,
J_pro_29734969063,Î¢ĞÇ£¨MSI£© GL63 GTX1060 6G¶ÀÏÔ³Ô¼¦ÓÎÏ·±¾ 8´úI7,7999.00,4000+,//item.jd.com/29734969063.html,
J_pro_7477556,Î¢ĞÇ(msi)GL63 15.6Ó¢´çÓÎÏ·±¾,8199.00,1.5Íò+,//item.jd.com/7477556.html,
J_pro_31342534208,»ªË¶£¨ASUS£© ·ÉĞĞ±¤ÀİFX80/FX86³Ô¼¦ÓÎÏ·±¾15.6Ó¢´çÇá±¡±ãĞ¯ÉÌÎñ°ì¹«,6699.00,1600+,//item.jd.com/31342534208.html,
J_pro_7647127,ÖĞ°Ø£¨Jumper£©EZbook 2 14.1Ó¢´ç³¬Çá±¡,999.00,800+,//item.jd.com/7647127.html,
J_pro_4006398,Apple MacBook Air 13.3Ó¢´ç,11099.00,16Íò+,//item.jd.com/4006398.html,
J_pro_25882977980,ÁªÏëIdeaPad330C-15 320C ¿áî£i5/i7ÊÖÌáÇá±¡±¾ ÉÌÎñ±¾ ¼ÒÓÃ,3899.00,7600+,https://ccc-x.jd.com/dsp/nc?ext=aHR0cHM6Ly9pdGVtLmpkLmNvbS8yNTg4Mjk3Nzk4MC5odG1s&log=P1pepQEVzxqTYvBSNHtnpysqsN-Hr8_8xCEcHFb_XFF1QtaXy17vmCSs7YbtMBDh6BMjEO2B2AZkqWZosOE9ZC2BOPLYDOr1LyLUEUFwbGPpXzX090uieQUgJaFyV1RsmZeGT4mCBRSKz6r1ObkD4eB76nOecM4zIYEuHNGiFZofWkxD_B4opOjwZmmnDx90G92MqJdWFi9zYx6QcVRhubmGntf3I5Ggzk3i53CY5EVaAb9ZWsH6FO_averpvxinE4twyXS4Vbh_69mE25VGmHu3QwyYxU7eXSGuEMSvsVCX64hgKu6NeWor45D8c9JD8CDZLpofgYAqfxEC8GAfIHqv2_SCsH5GdJS0qP4lGRmUy-CIUBufwp9H8X-p_AOqQIi9eqwMKlwBrMBP6hQZ-9kecuFIfL51dG76-bcxVol7cWESMuYOclef3iaGOF4KQkSKv_Ha6bMLJTvhaK-RLPaW_9KNpyC805QkXoD_VJ5qTGLB_Gnk7xVOgiesx5tx&v=404,
J_pro_35175058740,Ò¼ºÅ±¾£¨ONEMIX2S£©µúÖĞµıÁªÃûÏŞÁ¿¿î ¿áî£8100Y 7Ó¢´ç¿Ú´ü,5399.00,200+,//item.jd.com/35175058740.html,
J_pro_17810908773,ÁªÏë£¨Lenovo£© ÑïÌìV110 15.6Ó¢´çÉÌÎñ°ì¹«,2899.00,1.3Íò+,//item.jd.com/17810908773.html,
J_pro_11547179910,»ªË¶£¨ASUS£© ½ğÊô³¬¼«±¾RX310/R421Çá±¡±ãĞ¯ÉÌÎñ°ì¹«³¬±¡Ñ§ÉúÓÎÏ·ÊÖÌá,3699.00,3Íò+,//item.jd.com/11547179910.html,
J_pro_24877362143,´÷¶û£¨DELL£© ½ğÊô³¬¼¶±¾ÁéÔ½5370 13.3Ó¢´çÇá±¡±ãĞ¯ÉÌÎñ°ì¹«ÊÖÌá,3599.00,1.1Íò+,//item.jd.com/24877362143.html,
J_pro_5832815,»İÆÕ£¨HP£©Õ½66 Pro 14Ó¢´çÇá±¡,7499.00,6.4Íò+,//item.jd.com/5832815.html,
J_pro_7629614,Apple MacBook Pro 15.4Ó¢´ç,19788.00,6Íò+,//item.jd.com/7629614.html,
J_pro_30927284918,ÁªÏëĞ¡ĞÂ³±7000 14Ó¢´ç³¬Çá±¡,3299.00,3600+,//item.jd.com/30927284918.html,
J_pro_8945221,´÷¶ûDELLÁéÔ½·ÉÏ»15.6Ó¢´ç,3989.00,5.4Íò+,https://ccc-x.jd.com/dsp/nc?ext=aHR0cDovL2l0ZW0uamQuY29tLzg5NDUyMjEuaHRtbA&log=P1pepQEVzxqTYvBSNHtnpysqsN-Hr8_8xCEcHFb_XFG0pVN236oKObEhXDt18fd4gPFGDNB4rznl4-lxsYX2RWDjpR51LxtwfZTb5_JcTcJ7E_5nxmAx1PQiwCsE2fMajBrXhvEa0WuQDmQN4T81UKI8HOq3wuVTIPdwrxoFdcRG2L-WVb0lucrXoOdSfnEcEps_fYc3Z9eVq4KtYsapQhvw_nIdkt6jVF7fvXoYBOdj6LgXTsIhM9noDkV3knonOz93vua8uu_f_UgMDSIWL4BxZ81XmJWuc-Zw5kd4TJH2oRoNFkglbuXYBbAbd5SvWQlttFWQEGAgTUzTVPoFzw9GN1vZ2wZ4oJrCiLVxE0_oNcJJmJb3JNrHv1eQ2rwDHv-fwI3H0ITz3gd1DQvlg0hP1DLYwCmr-i7PV9oS7vEo24TCTyOSLksIlf0E_QIR2mGyXXRFQrQvO8MEYosz6a1HFelsSefj5OKyDfVZPW4&v=404,
J_pro_25671018675,ÁªÏëIdeaPad330c 14Ó¢´ç°Ë´ú¿áî£I5/I7³¬¸ßĞÔÄÜ,5299.00,4.1Íò+,//item.jd.com/25671018675.html,
J_pro_100000339345,´÷¶ûDELL G7 15.6Ó¢´çÓÎÏ·Éè¼ÆÊ¦,6899.00,5.7Íò+,//item.jd.com/100000339345.html,
J_pro_8248030,ÈÙÒ«MagicBook 14Ó¢´çÇá±¡Õ­±ß¿ò,5699.00,7.9Íò+,//item.jd.com/8248030.html,
J_pro_26593393605,À×Éñ£¨ThundeRobot£© 911MTºÚÎäÊ¿ÓÎÏ·,6499.00,2900+,//item.jd.com/26593393605.html,
J_pro_100001118686,ºê³(Acer)·äÄñSwift3Î¢±ß¿ò½ğÊôÇá±¡±¾14Ó¢´ç,5299.00,2Íò+,//item.jd.com/100001118686.html,
J_pro_14541812601,ÁªÏëIdeaPad330 15.6Ó¢´çC³¬±¡±¾¼ÒÓÃÉÌÎñÑ§Éú°ì¹«¶ÀÏÔ³¬¼«±¾ÓÎÏ·Çá±¡±ãĞ¯,3799.00,2.3Íò+,//item.jd.com/14541812601.html,//img11.360buyimg.com/n7/jfs/t28570/160/998810392/125756/a7d78c7e/5c04c976Nc392229c.jpg
J_pro_100000376372,´÷¶ûÁéÔ½14 È¼ 14Ó¢´çÇá±¡Õ­±ß¿ò,4798.00,13Íò+,//item.jd.com/100000376372.html,//img12.360buyimg.com/n7/jfs/t26377/80/2235874850/393231/2eb29dd2/5bfb87d3N6c145acd.jpg
J_pro_10019904047,»ªË¶£¨ASUS£©,2999.00,2.9Íò+,//item.jd.com/10019904047.html,//img12.360buyimg.com/n7/jfs/t29086/101/685429572/373445/8ab1f0e/5bfa9602N507f22ee.jpg
J_pro_27914580591,»İÆÕ£¨HP£© ¹Ù·½ÊÚÈ¨Æì½¢µê ÍõÔ´ĞÇÏµÁĞ14Î¢±ß¿òÇá±¡±¾ ,5799.00,7400+,//item.jd.com/27914580591.html,//img11.360buyimg.com/n7/jfs/t1/8851/33/8015/198633/5c0943bdE570705cb/f02b00e229a7b952.jpg
J_pro_28035066045,ROG ±ùÈĞ2 15.6Ó¢´ç 144Hz 3ms ·ÀìÅ¹âÎíÃæÆÁÓÎÏ·,29999.00,10+,https://ccc-x.jd.com/dsp/nc?ext=aHR0cDovL2l0ZW0uamQuY29tLzI4MDM1MDY2MDQ1Lmh0bWw&log=POb6PzyC5Vuc2QuzQqDvNGkaMDaMw3lwq4ffJhAYui5Gv0zu-TS2MOP0YSqCZSZxyilUSV4v29rGVlVQAmBMo32hnSljGih5JSvp7l065s6GxBSAkKBGOCOqqsMgUzYC1PiRp4bKtsG6hIe3ZpQzM3Xm7BFw15kmxUwNLcStX9YUf6Tdp7voeDeCLP5B4oOVebqqmgUiDAzg--96R-LEljX4Bqw0GROhwYcxSullpRalm7LL_UbsZi0CZhq1CWMeHZuxWae-paSHRtCwZKAlAKOvKIU8jMCsFMN3rMn2GLXebrwrpY-eA6qZ4baYXBcT7AHUNEtENVdJHtCxcVfnxUvMxXIz12jRAIyn4MQjwljpfDSGXX2FGfqPiDBdkPpq3ZO5sis9xT6FCFrwrt6NntQrmArQpP9fi8qtfYkvmDKRdbfAAa3-qA9_24GpNgR3fuBzmZS0tmJtEbAezCrnuX74TyGcg_HNH7BvyH-p7mJF2unnZEKO7H3rtiVI0br_&v=404,
J_pro_35292557760,µÃ·å£¨Deffad£©L955AT ¿áî£i7 180Ìì°ü»» ³¬¼«Çá²¾ÓÎÏ·±¾,2688.00,2100+,//item.jd.com/35292557760.html,
J_pro_4846138,ÁªÏëThinkPad X1 Carbon£¨07CD£©14Ó¢´çÇá±¡,8999.00,2Íò+,//item.jd.com/4846138.html,
J_pro_7374678,»ªË¶ÍçÊ¯(ASUS) Çá±¡°æA505 15.6Ó¢´çÓéÀÖ°ì¹«,4399.00,9300+,//item.jd.com/7374678.html,
J_pro_8239667,ìÅÁú£¨Shinelon£©»ÙÃğÕßDC2 GTX1050 4G¶ÀÏÔ 15.6Ó¢´çÓÎÏ·,4999.00,1.5Íò+,https://ccc-x.jd.com/dsp/nc?ext=aHR0cHM6Ly9pdGVtLmpkLmNvbS84MjM5NjY3Lmh0bWw&log=POb6PzyC5Vuc2QuzQqDvNGkaMDaMw3lwq4ffJhAYui4kV6HsMAAVPCsVBMmzSApK3YHFq09hs-i_oxNqcLCiXjqwWHDNCjXlClsL_GAvgRkvAMyH7AQfVa33b9Rxo_ZIArD9Z6ZC5TukCB4MO2TcKM2L4xoS45WogFUPPC92PTVbd8AHVujKW6fiWyAX99pn2DNN4YQxEDVF-wkTMrQAm_s0HqNd12C523n0uJUXzKyu2FRZXL9Vj4zcz6YnatrWWeJn51AUHjOW34Ta42p9JrrfHd6Br0tWIHMDQ2mlnrtE9dckReo3rubQPqIhBFwIbwCUahHw0Ph9U4hTfwnOmg4XqT6KCFMjtDsGjHl8TtRMasFooktl6iMl_4IqHLkljDBeUCLUCLJPrkKEEypyW50uYdO_wfcs6-zlsjVCBtbczT2wiZ8I57HneFRuZkQUuFtdzKJ_zbOgwNrxRwkQNJv8wYYc-aeGjPo7PH-rxLSIHRUrG-78dwdE7Z65sFE6&v=404,
J_pro_4331151,Apple MacBook Pro 13.3Ó¢´ç,9488.00,6Íò+,//item.jd.com/4331151.html,
J_pro_7374658,»ªË¶(ASUS) ÁéÒ«U 13.3Ó¢´çºÏ½ğ»úÉíÇá±¡,4999.00,6100+,//item.jd.com/7374658.html,
J_pro_7463803,ÉñÖÛ(HASEE)¾«¶ÜG97E GTX1070 8G¶ÀÏÔ 17.3Ó¢´ç120Hzµç¾ºÆÁ ÉÌÎñÓÎÏ·,10998.00,1.5Íò+,//item.jd.com/7463803.html,
J_pro_6383212,ÁªÏëThinkPad X1 Carbon 2018£¨0JCD£©14Ó¢´çÇá±¡,13999.00,2Íò+,//item.jd.com/6383212.html,
J_pro_1792229434,ÁªÏë³¬¼¶±¾Ideapad330-15 320¿áî£i3 i5ÊÖÌáÉÌÎñ°ì¹«¼ÒÓÃÑ§ÉúÇá±¡,2949.00,2.2Íò+,//item.jd.com/1792229434.html,
J_pro_28717481055,»İÆÕ£¨HP£© ¹âÓ°¾«Áé4´úPro ³©ÓÎÈËµç¾º°æ 15.6Ó¢´ç°µÓ°ÓÎÏ·±¾,5698.00,5400+,//item.jd.com/28717481055.html,
J_pro_12275775825,»ªË¶£¨ASUS£© »ªË¶ÍçÊ¯FL8000UF/Y5000,4398.00,9200+,//item.jd.com/12275775825.html,
J_pro_100001118686,ºê³(Acer)·äÄñSwift3Î¢±ß¿ò½ğÊôÇá±¡±¾14Ó¢´ç,4899.00,2Íò+,https://ccc-x.jd.com/dsp/nc?ext=aHR0cHM6Ly9pdGVtLmpkLmNvbS8xMDAwMDExMTg2ODYuaHRtbA&log=POb6PzyC5Vuc2QuzQqDvNGkaMDaMw3lwq4ffJhAYui6UoCOxiwQy_RF05GVQoiJlBx6ozh1ZovM7mXZl1iRS5HP4gkYnYoXNLVzs8nFh2AVakhQrhJWEpu3hZLTcCMrm-JEJdvFthAk-B0KUrGaYJoOoDPiW0zZ0OEMIxvnnPdfeNTVqTiu-PJitA1grDkLHXPNV-Hey_K8k2StZuJ8DGQUOvPc6fUSU11_zZ3g8fH5cARa6gQb4BVQLzdsk8FwIJgP7SPzxaP4yexPw_YLQnVejlE2G-47sLbhXM_1MvT6E8VAAxeQjQYywiUB_cEL2oFY8VUztfHKY068WI29FybXcRGH0oX6WDIKK0wu2GItmtdU2YS9BV8aSiWKNHfB8jinkPPv0i_JWkJXiDKET9UVHzdd3Kxn9Jmo-R3ihTbk66qpmvRuUtDGmwGSUM8TU_Gd-WKNDM-c4I8KP-rkdQZfnemUt7EQrEC6Z0LZJX1b1g3yUOjgfHS073ApkOxBW&v=404,
J_pro_100000996928,ÉñÖÛ(HASEE)Õ½ÉñK650D-G4D5 MX150 2G¶ÀÏÔ15.6Ó¢´çÓÎÏ·,3699.00,1.1Íò+,//item.jd.com/100000996928.html,
J_pro_31595170144,´÷î££¨dere£© R9s 15.6Ó¢´ç³¬Çá±¡Õ­±ß¿ò,1998.00,4000+,//item.jd.com/31595170144.html,
J_pro_6864168,À×Éñ(ThundeRobot) ĞÂ911ºÚÓÄÁéµç¾º°æ 15.6Ó¢´çÓÎÏ·,8999.00,1.3Íò+,//item.jd.com/6864168.html,
J_pro_29748690161,»İÆÕ£¨HP£©¹âÓ°¾«Áé4 °µÓ°¾«Áé4 ÂÌÉ«±³¹â¼üÅÌ 15.6Ó¢´ç³Ô¼¦ÓÎÏ·,5299.00,900+,//item.jd.com/29748690161.html,
J_pro_8484118,ÁªÏë(Lenovo)Ğ¡ĞÂAir 2018¿î 15.6Ó¢´ç³¬Çá±¡,5799.00,4.1Íò+,//item.jd.com/8484118.html,
J_pro_7382168,´÷¶ûDELL G7 15.6Ó¢´çÓÎÏ·Éè¼ÆÊ¦,6599.00,3900+,//item.jd.com/7382168.html,
